plume_power_W,duration_min,E_atmosphere_J,area_km2,heated_depth_m,delta_T_K_lower_bound,E_ocean_lower_bound_J,E_atmosphere_over_E_ocean,M_atmosphere_over_M_seafloor,energy_partition_over_mass_partition
10000000000000.0,5,3000000000000000.0,100,1,3.0,1230000000000000.0,2.4390243902439024,0.16666666666666666,14.634146341463415
10000000000000.0,5,3000000000000000.0,100,5,3.0,6150000000000000.0,0.4878048780487805,0.16666666666666666,2.926829268292683
10000000000000.0,5,3000000000000000.0,100,10,3.0,1.23e+16,0.24390243902439024,0.16666666666666666,1.4634146341463414
10000000000000.0,5,3000000000000000.0,100,20,3.0,2.46e+16,0.12195121951219512,0.16666666666666666,0.7317073170731707
10000000000000.0,5,3000000000000000.0,100,50,3.0,6.15e+16,0.04878048780487805,0.16666666666666666,0.29268292682926833
10000000000000.0,5,3000000000000000.0,300,1,3.0,3690000000000000.0,0.8130081300813008,0.16666666666666666,4.878048780487805
10000000000000.0,5,3000000000000000.0,300,5,3.0,1.845e+16,0.16260162601626016,0.16666666666666666,0.975609756097561
10000000000000.0,5,3000000000000000.0,300,10,3.0,3.69e+16,0.08130081300813008,0.16666666666666666,0.4878048780487805
10000000000000.0,5,3000000000000000.0,300,20,3.0,7.38e+16,0.04065040650406504,0.16666666666666666,0.24390243902439024
10000000000000.0,5,3000000000000000.0,300,50,3.0,1.845e+17,0.016260162601626018,0.16666666666666666,0.09756097560975611
10000000000000.0,5,3000000000000000.0,1000,1,3.0,1.23e+16,0.24390243902439024,0.16666666666666666,1.4634146341463414
10000000000000.0,5,3000000000000000.0,1000,5,3.0,6.15e+16,0.04878048780487805,0.16666666666666666,0.29268292682926833
10000000000000.0,5,3000000000000000.0,1000,10,3.0,1.23e+17,0.024390243902439025,0.16666666666666666,0.14634146341463417
10000000000000.0,5,3000000000000000.0,1000,20,3.0,2.46e+17,0.012195121951219513,0.16666666666666666,0.07317073170731708
10000000000000.0,5,3000000000000000.0,1000,50,3.0,6.15e+17,0.004878048780487805,0.16666666666666666,0.02926829268292683
10000000000000.0,5,3000000000000000.0,3000,1,3.0,3.69e+16,0.08130081300813008,0.16666666666666666,0.4878048780487805
10000000000000.0,5,3000000000000000.0,3000,5,3.0,1.845e+17,0.016260162601626018,0.16666666666666666,0.09756097560975611
10000000000000.0,5,3000000000000000.0,3000,10,3.0,3.69e+17,0.008130081300813009,0.16666666666666666,0.04878048780487806
10000000000000.0,5,3000000000000000.0,3000,20,3.0,7.38e+17,0.0040650406504065045,0.16666666666666666,0.02439024390243903
10000000000000.0,5,3000000000000000.0,3000,50,3.0,1.845e+18,0.0016260162601626016,0.16666666666666666,0.00975609756097561
10000000000000.0,5,3000000000000000.0,10000,1,3.0,1.23e+17,0.024390243902439025,0.16666666666666666,0.14634146341463417
10000000000000.0,5,3000000000000000.0,10000,5,3.0,6.15e+17,0.004878048780487805,0.16666666666666666,0.02926829268292683
10000000000000.0,5,3000000000000000.0,10000,10,3.0,1.23e+18,0.0024390243902439024,0.16666666666666666,0.014634146341463415
10000000000000.0,5,3000000000000000.0,10000,20,3.0,2.46e+18,0.0012195121951219512,0.16666666666666666,0.007317073170731708
10000000000000.0,5,3000000000000000.0,10000,50,3.0,6.15e+18,0.0004878048780487805,0.16666666666666666,0.002926829268292683
10000000000000.0,5,3000000000000000.0,30000,1,3.0,3.69e+17,0.008130081300813009,0.16666666666666666,0.04878048780487806
10000000000000.0,5,3000000000000000.0,30000,5,3.0,1.845e+18,0.0016260162601626016,0.16666666666666666,0.00975609756097561
10000000000000.0,5,3000000000000000.0,30000,10,3.0,3.69e+18,0.0008130081300813008,0.16666666666666666,0.004878048780487805
10000000000000.0,5,3000000000000000.0,30000,20,3.0,7.38e+18,0.0004065040650406504,0.16666666666666666,0.0024390243902439024
10000000000000.0,5,3000000000000000.0,30000,50,3.0,1.845e+19,0.00016260162601626016,0.16666666666666666,0.000975609756097561
10000000000000.0,10,6000000000000000.0,100,1,3.0,1230000000000000.0,4.878048780487805,0.16666666666666666,29.26829268292683
10000000000000.0,10,6000000000000000.0,100,5,3.0,6150000000000000.0,0.975609756097561,0.16666666666666666,5.853658536585366
10000000000000.0,10,6000000000000000.0,100,10,3.0,1.23e+16,0.4878048780487805,0.16666666666666666,2.926829268292683
10000000000000.0,10,6000000000000000.0,100,20,3.0,2.46e+16,0.24390243902439024,0.16666666666666666,1.4634146341463414
10000000000000.0,10,6000000000000000.0,100,50,3.0,6.15e+16,0.0975609756097561,0.16666666666666666,0.5853658536585367
10000000000000.0,10,6000000000000000.0,300,1,3.0,3690000000000000.0,1.6260162601626016,0.16666666666666666,9.75609756097561
10000000000000.0,10,6000000000000000.0,300,5,3.0,1.845e+16,0.3252032520325203,0.16666666666666666,1.951219512195122
10000000000000.0,10,6000000000000000.0,300,10,3.0,3.69e+16,0.16260162601626016,0.16666666666666666,0.975609756097561
10000000000000.0,10,6000000000000000.0,300,20,3.0,7.38e+16,0.08130081300813008,0.16666666666666666,0.4878048780487805
10000000000000.0,10,6000000000000000.0,300,50,3.0,1.845e+17,0.032520325203252036,0.16666666666666666,0.19512195121951223
10000000000000.0,10,6000000000000000.0,1000,1,3.0,1.23e+16,0.4878048780487805,0.16666666666666666,2.926829268292683
10000000000000.0,10,6000000000000000.0,1000,5,3.0,6.15e+16,0.0975609756097561,0.16666666666666666,0.5853658536585367
10000000000000.0,10,6000000000000000.0,1000,10,3.0,1.23e+17,0.04878048780487805,0.16666666666666666,0.29268292682926833
10000000000000.0,10,6000000000000000.0,1000,20,3.0,2.46e+17,0.024390243902439025,0.16666666666666666,0.14634146341463417
10000000000000.0,10,6000000000000000.0,1000,50,3.0,6.15e+17,0.00975609756097561,0.16666666666666666,0.05853658536585366
10000000000000.0,10,6000000000000000.0,3000,1,3.0,3.69e+16,0.16260162601626016,0.16666666666666666,0.975609756097561
10000000000000.0,10,6000000000000000.0,3000,5,3.0,1.845e+17,0.032520325203252036,0.16666666666666666,0.19512195121951223
10000000000000.0,10,6000000000000000.0,3000,10,3.0,3.69e+17,0.016260162601626018,0.16666666666666666,0.09756097560975611
10000000000000.0,10,6000000000000000.0,3000,20,3.0,7.38e+17,0.008130081300813009,0.16666666666666666,0.04878048780487806
10000000000000.0,10,6000000000000000.0,3000,50,3.0,1.845e+18,0.0032520325203252032,0.16666666666666666,0.01951219512195122
10000000000000.0,10,6000000000000000.0,10000,1,3.0,1.23e+17,0.04878048780487805,0.16666666666666666,0.29268292682926833
10000000000000.0,10,6000000000000000.0,10000,5,3.0,6.15e+17,0.00975609756097561,0.16666666666666666,0.05853658536585366
10000000000000.0,10,6000000000000000.0,10000,10,3.0,1.23e+18,0.004878048780487805,0.16666666666666666,0.02926829268292683
10000000000000.0,10,6000000000000000.0,10000,20,3.0,2.46e+18,0.0024390243902439024,0.16666666666666666,0.014634146341463415
10000000000000.0,10,6000000000000000.0,10000,50,3.0,6.15e+18,0.000975609756097561,0.16666666666666666,0.005853658536585366
10000000000000.0,10,6000000000000000.0,30000,1,3.0,3.69e+17,0.016260162601626018,0.16666666666666666,0.09756097560975611
10000000000000.0,10,6000000000000000.0,30000,5,3.0,1.845e+18,0.0032520325203252032,0.16666666666666666,0.01951219512195122
10000000000000.0,10,6000000000000000.0,30000,10,3.0,3.69e+18,0.0016260162601626016,0.16666666666666666,0.00975609756097561
10000000000000.0,10,6000000000000000.0,30000,20,3.0,7.38e+18,0.0008130081300813008,0.16666666666666666,0.004878048780487805
10000000000000.0,10,6000000000000000.0,30000,50,3.0,1.845e+19,0.0003252032520325203,0.16666666666666666,0.001951219512195122
10000000000000.0,20,1.2e+16,100,1,3.0,1230000000000000.0,9.75609756097561,0.16666666666666666,58.53658536585366
10000000000000.0,20,1.2e+16,100,5,3.0,6150000000000000.0,1.951219512195122,0.16666666666666666,11.707317073170731
10000000000000.0,20,1.2e+16,100,10,3.0,1.23e+16,0.975609756097561,0.16666666666666666,5.853658536585366
10000000000000.0,20,1.2e+16,100,20,3.0,2.46e+16,0.4878048780487805,0.16666666666666666,2.926829268292683
10000000000000.0,20,1.2e+16,100,50,3.0,6.15e+16,0.1951219512195122,0.16666666666666666,1.1707317073170733
10000000000000.0,20,1.2e+16,300,1,3.0,3690000000000000.0,3.252032520325203,0.16666666666666666,19.51219512195122
10000000000000.0,20,1.2e+16,300,5,3.0,1.845e+16,0.6504065040650406,0.16666666666666666,3.902439024390244
10000000000000.0,20,1.2e+16,300,10,3.0,3.69e+16,0.3252032520325203,0.16666666666666666,1.951219512195122
10000000000000.0,20,1.2e+16,300,20,3.0,7.38e+16,0.16260162601626016,0.16666666666666666,0.975609756097561
10000000000000.0,20,1.2e+16,300,50,3.0,1.845e+17,0.06504065040650407,0.16666666666666666,0.39024390243902446
10000000000000.0,20,1.2e+16,1000,1,3.0,1.23e+16,0.975609756097561,0.16666666666666666,5.853658536585366
10000000000000.0,20,1.2e+16,1000,5,3.0,6.15e+16,0.1951219512195122,0.16666666666666666,1.1707317073170733
10000000000000.0,20,1.2e+16,1000,10,3.0,1.23e+17,0.0975609756097561,0.16666666666666666,0.5853658536585367
10000000000000.0,20,1.2e+16,1000,20,3.0,2.46e+17,0.04878048780487805,0.16666666666666666,0.29268292682926833
10000000000000.0,20,1.2e+16,1000,50,3.0,6.15e+17,0.01951219512195122,0.16666666666666666,0.11707317073170732
10000000000000.0,20,1.2e+16,3000,1,3.0,3.69e+16,0.3252032520325203,0.16666666666666666,1.951219512195122
10000000000000.0,20,1.2e+16,3000,5,3.0,1.845e+17,0.06504065040650407,0.16666666666666666,0.39024390243902446
10000000000000.0,20,1.2e+16,3000,10,3.0,3.69e+17,0.032520325203252036,0.16666666666666666,0.19512195121951223
10000000000000.0,20,1.2e+16,3000,20,3.0,7.38e+17,0.016260162601626018,0.16666666666666666,0.09756097560975611
10000000000000.0,20,1.2e+16,3000,50,3.0,1.845e+18,0.0065040650406504065,0.16666666666666666,0.03902439024390244
10000000000000.0,20,1.2e+16,10000,1,3.0,1.23e+17,0.0975609756097561,0.16666666666666666,0.5853658536585367
10000000000000.0,20,1.2e+16,10000,5,3.0,6.15e+17,0.01951219512195122,0.16666666666666666,0.11707317073170732
10000000000000.0,20,1.2e+16,10000,10,3.0,1.23e+18,0.00975609756097561,0.16666666666666666,0.05853658536585366
10000000000000.0,20,1.2e+16,10000,20,3.0,2.46e+18,0.004878048780487805,0.16666666666666666,0.02926829268292683
10000000000000.0,20,1.2e+16,10000,50,3.0,6.15e+18,0.001951219512195122,0.16666666666666666,0.011707317073170732
10000000000000.0,20,1.2e+16,30000,1,3.0,3.69e+17,0.032520325203252036,0.16666666666666666,0.19512195121951223
10000000000000.0,20,1.2e+16,30000,5,3.0,1.845e+18,0.0065040650406504065,0.16666666666666666,0.03902439024390244
10000000000000.0,20,1.2e+16,30000,10,3.0,3.69e+18,0.0032520325203252032,0.16666666666666666,0.01951219512195122
10000000000000.0,20,1.2e+16,30000,20,3.0,7.38e+18,0.0016260162601626016,0.16666666666666666,0.00975609756097561
10000000000000.0,20,1.2e+16,30000,50,3.0,1.845e+19,0.0006504065040650406,0.16666666666666666,0.003902439024390244
10000000000000.0,30,1.8e+16,100,1,3.0,1230000000000000.0,14.634146341463415,0.16666666666666666,87.8048780487805
10000000000000.0,30,1.8e+16,100,5,3.0,6150000000000000.0,2.926829268292683,0.16666666666666666,17.5609756097561
10000000000000.0,30,1.8e+16,100,10,3.0,1.23e+16,1.4634146341463414,0.16666666666666666,8.78048780487805
10000000000000.0,30,1.8e+16,100,20,3.0,2.46e+16,0.7317073170731707,0.16666666666666666,4.390243902439025
10000000000000.0,30,1.8e+16,100,50,3.0,6.15e+16,0.2926829268292683,0.16666666666666666,1.7560975609756098
10000000000000.0,30,1.8e+16,300,1,3.0,3690000000000000.0,4.878048780487805,0.16666666666666666,29.26829268292683
10000000000000.0,30,1.8e+16,300,5,3.0,1.845e+16,0.975609756097561,0.16666666666666666,5.853658536585366
10000000000000.0,30,1.8e+16,300,10,3.0,3.69e+16,0.4878048780487805,0.16666666666666666,2.926829268292683
10000000000000.0,30,1.8e+16,300,20,3.0,7.38e+16,0.24390243902439024,0.16666666666666666,1.4634146341463414
10000000000000.0,30,1.8e+16,300,50,3.0,1.845e+17,0.0975609756097561,0.16666666666666666,0.5853658536585367
10000000000000.0,30,1.8e+16,1000,1,3.0,1.23e+16,1.4634146341463414,0.16666666666666666,8.78048780487805
10000000000000.0,30,1.8e+16,1000,5,3.0,6.15e+16,0.2926829268292683,0.16666666666666666,1.7560975609756098
10000000000000.0,30,1.8e+16,1000,10,3.0,1.23e+17,0.14634146341463414,0.16666666666666666,0.8780487804878049
10000000000000.0,30,1.8e+16,1000,20,3.0,2.46e+17,0.07317073170731707,0.16666666666666666,0.43902439024390244
10000000000000.0,30,1.8e+16,1000,50,3.0,6.15e+17,0.02926829268292683,0.16666666666666666,0.175609756097561
10000000000000.0,30,1.8e+16,3000,1,3.0,3.69e+16,0.4878048780487805,0.16666666666666666,2.926829268292683
10000000000000.0,30,1.8e+16,3000,5,3.0,1.845e+17,0.0975609756097561,0.16666666666666666,0.5853658536585367
10000000000000.0,30,1.8e+16,3000,10,3.0,3.69e+17,0.04878048780487805,0.16666666666666666,0.29268292682926833
10000000000000.0,30,1.8e+16,3000,20,3.0,7.38e+17,0.024390243902439025,0.16666666666666666,0.14634146341463417
10000000000000.0,30,1.8e+16,3000,50,3.0,1.845e+18,0.00975609756097561,0.16666666666666666,0.05853658536585366
10000000000000.0,30,1.8e+16,10000,1,3.0,1.23e+17,0.14634146341463414,0.16666666666666666,0.8780487804878049
10000000000000.0,30,1.8e+16,10000,5,3.0,6.15e+17,0.02926829268292683,0.16666666666666666,0.175609756097561
10000000000000.0,30,1.8e+16,10000,10,3.0,1.23e+18,0.014634146341463415,0.16666666666666666,0.0878048780487805
10000000000000.0,30,1.8e+16,10000,20,3.0,2.46e+18,0.007317073170731708,0.16666666666666666,0.04390243902439025
10000000000000.0,30,1.8e+16,10000,50,3.0,6.15e+18,0.002926829268292683,0.16666666666666666,0.0175609756097561
10000000000000.0,30,1.8e+16,30000,1,3.0,3.69e+17,0.04878048780487805,0.16666666666666666,0.29268292682926833
10000000000000.0,30,1.8e+16,30000,5,3.0,1.845e+18,0.00975609756097561,0.16666666666666666,0.05853658536585366
10000000000000.0,30,1.8e+16,30000,10,3.0,3.69e+18,0.004878048780487805,0.16666666666666666,0.02926829268292683
10000000000000.0,30,1.8e+16,30000,20,3.0,7.38e+18,0.0024390243902439024,0.16666666666666666,0.014634146341463415
10000000000000.0,30,1.8e+16,30000,50,3.0,1.845e+19,0.000975609756097561,0.16666666666666666,0.005853658536585366
10000000000000.0,60,3.6e+16,100,1,3.0,1230000000000000.0,29.26829268292683,0.16666666666666666,175.609756097561
10000000000000.0,60,3.6e+16,100,5,3.0,6150000000000000.0,5.853658536585366,0.16666666666666666,35.1219512195122
10000000000000.0,60,3.6e+16,100,10,3.0,1.23e+16,2.926829268292683,0.16666666666666666,17.5609756097561
10000000000000.0,60,3.6e+16,100,20,3.0,2.46e+16,1.4634146341463414,0.16666666666666666,8.78048780487805
10000000000000.0,60,3.6e+16,100,50,3.0,6.15e+16,0.5853658536585366,0.16666666666666666,3.5121951219512195
10000000000000.0,60,3.6e+16,300,1,3.0,3690000000000000.0,9.75609756097561,0.16666666666666666,58.53658536585366
10000000000000.0,60,3.6e+16,300,5,3.0,1.845e+16,1.951219512195122,0.16666666666666666,11.707317073170731
10000000000000.0,60,3.6e+16,300,10,3.0,3.69e+16,0.975609756097561,0.16666666666666666,5.853658536585366
10000000000000.0,60,3.6e+16,300,20,3.0,7.38e+16,0.4878048780487805,0.16666666666666666,2.926829268292683
10000000000000.0,60,3.6e+16,300,50,3.0,1.845e+17,0.1951219512195122,0.16666666666666666,1.1707317073170733
10000000000000.0,60,3.6e+16,1000,1,3.0,1.23e+16,2.926829268292683,0.16666666666666666,17.5609756097561
10000000000000.0,60,3.6e+16,1000,5,3.0,6.15e+16,0.5853658536585366,0.16666666666666666,3.5121951219512195
10000000000000.0,60,3.6e+16,1000,10,3.0,1.23e+17,0.2926829268292683,0.16666666666666666,1.7560975609756098
10000000000000.0,60,3.6e+16,1000,20,3.0,2.46e+17,0.14634146341463414,0.16666666666666666,0.8780487804878049
10000000000000.0,60,3.6e+16,1000,50,3.0,6.15e+17,0.05853658536585366,0.16666666666666666,0.351219512195122
10000000000000.0,60,3.6e+16,3000,1,3.0,3.69e+16,0.975609756097561,0.16666666666666666,5.853658536585366
10000000000000.0,60,3.6e+16,3000,5,3.0,1.845e+17,0.1951219512195122,0.16666666666666666,1.1707317073170733
10000000000000.0,60,3.6e+16,3000,10,3.0,3.69e+17,0.0975609756097561,0.16666666666666666,0.5853658536585367
10000000000000.0,60,3.6e+16,3000,20,3.0,7.38e+17,0.04878048780487805,0.16666666666666666,0.29268292682926833
10000000000000.0,60,3.6e+16,3000,50,3.0,1.845e+18,0.01951219512195122,0.16666666666666666,0.11707317073170732
10000000000000.0,60,3.6e+16,10000,1,3.0,1.23e+17,0.2926829268292683,0.16666666666666666,1.7560975609756098
10000000000000.0,60,3.6e+16,10000,5,3.0,6.15e+17,0.05853658536585366,0.16666666666666666,0.351219512195122
10000000000000.0,60,3.6e+16,10000,10,3.0,1.23e+18,0.02926829268292683,0.16666666666666666,0.175609756097561
10000000000000.0,60,3.6e+16,10000,20,3.0,2.46e+18,0.014634146341463415,0.16666666666666666,0.0878048780487805
10000000000000.0,60,3.6e+16,10000,50,3.0,6.15e+18,0.005853658536585366,0.16666666666666666,0.0351219512195122
10000000000000.0,60,3.6e+16,30000,1,3.0,3.69e+17,0.0975609756097561,0.16666666666666666,0.5853658536585367
10000000000000.0,60,3.6e+16,30000,5,3.0,1.845e+18,0.01951219512195122,0.16666666666666666,0.11707317073170732
10000000000000.0,60,3.6e+16,30000,10,3.0,3.69e+18,0.00975609756097561,0.16666666666666666,0.05853658536585366
10000000000000.0,60,3.6e+16,30000,20,3.0,7.38e+18,0.004878048780487805,0.16666666666666666,0.02926829268292683
10000000000000.0,60,3.6e+16,30000,50,3.0,1.845e+19,0.001951219512195122,0.16666666666666666,0.011707317073170732
100000000000000.0,5,3e+16,100,1,3.0,1230000000000000.0,24.390243902439025,0.16666666666666666,146.34146341463415
100000000000000.0,5,3e+16,100,5,3.0,6150000000000000.0,4.878048780487805,0.16666666666666666,29.26829268292683
100000000000000.0,5,3e+16,100,10,3.0,1.23e+16,2.4390243902439024,0.16666666666666666,14.634146341463415
100000000000000.0,5,3e+16,100,20,3.0,2.46e+16,1.2195121951219512,0.16666666666666666,7.317073170731708
100000000000000.0,5,3e+16,100,50,3.0,6.15e+16,0.4878048780487805,0.16666666666666666,2.926829268292683
100000000000000.0,5,3e+16,300,1,3.0,3690000000000000.0,8.130081300813009,0.16666666666666666,48.78048780487806
100000000000000.0,5,3e+16,300,5,3.0,1.845e+16,1.6260162601626016,0.16666666666666666,9.75609756097561
100000000000000.0,5,3e+16,300,10,3.0,3.69e+16,0.8130081300813008,0.16666666666666666,4.878048780487805
100000000000000.0,5,3e+16,300,20,3.0,7.38e+16,0.4065040650406504,0.16666666666666666,2.4390243902439024
100000000000000.0,5,3e+16,300,50,3.0,1.845e+17,0.16260162601626016,0.16666666666666666,0.975609756097561
100000000000000.0,5,3e+16,1000,1,3.0,1.23e+16,2.4390243902439024,0.16666666666666666,14.634146341463415
100000000000000.0,5,3e+16,1000,5,3.0,6.15e+16,0.4878048780487805,0.16666666666666666,2.926829268292683
100000000000000.0,5,3e+16,1000,10,3.0,1.23e+17,0.24390243902439024,0.16666666666666666,1.4634146341463414
100000000000000.0,5,3e+16,1000,20,3.0,2.46e+17,0.12195121951219512,0.16666666666666666,0.7317073170731707
100000000000000.0,5,3e+16,1000,50,3.0,6.15e+17,0.04878048780487805,0.16666666666666666,0.29268292682926833
100000000000000.0,5,3e+16,3000,1,3.0,3.69e+16,0.8130081300813008,0.16666666666666666,4.878048780487805
100000000000000.0,5,3e+16,3000,5,3.0,1.845e+17,0.16260162601626016,0.16666666666666666,0.975609756097561
100000000000000.0,5,3e+16,3000,10,3.0,3.69e+17,0.08130081300813008,0.16666666666666666,0.4878048780487805
100000000000000.0,5,3e+16,3000,20,3.0,7.38e+17,0.04065040650406504,0.16666666666666666,0.24390243902439024
100000000000000.0,5,3e+16,3000,50,3.0,1.845e+18,0.016260162601626018,0.16666666666666666,0.09756097560975611
100000000000000.0,5,3e+16,10000,1,3.0,1.23e+17,0.24390243902439024,0.16666666666666666,1.4634146341463414
100000000000000.0,5,3e+16,10000,5,3.0,6.15e+17,0.04878048780487805,0.16666666666666666,0.29268292682926833
100000000000000.0,5,3e+16,10000,10,3.0,1.23e+18,0.024390243902439025,0.16666666666666666,0.14634146341463417
100000000000000.0,5,3e+16,10000,20,3.0,2.46e+18,0.012195121951219513,0.16666666666666666,0.07317073170731708
100000000000000.0,5,3e+16,10000,50,3.0,6.15e+18,0.004878048780487805,0.16666666666666666,0.02926829268292683
100000000000000.0,5,3e+16,30000,1,3.0,3.69e+17,0.08130081300813008,0.16666666666666666,0.4878048780487805
100000000000000.0,5,3e+16,30000,5,3.0,1.845e+18,0.016260162601626018,0.16666666666666666,0.09756097560975611
100000000000000.0,5,3e+16,30000,10,3.0,3.69e+18,0.008130081300813009,0.16666666666666666,0.04878048780487806
100000000000000.0,5,3e+16,30000,20,3.0,7.38e+18,0.0040650406504065045,0.16666666666666666,0.02439024390243903
100000000000000.0,5,3e+16,30000,50,3.0,1.845e+19,0.0016260162601626016,0.16666666666666666,0.00975609756097561
100000000000000.0,10,6e+16,100,1,3.0,1230000000000000.0,48.78048780487805,0.16666666666666666,292.6829268292683
100000000000000.0,10,6e+16,100,5,3.0,6150000000000000.0,9.75609756097561,0.16666666666666666,58.53658536585366
100000000000000.0,10,6e+16,100,10,3.0,1.23e+16,4.878048780487805,0.16666666666666666,29.26829268292683
100000000000000.0,10,6e+16,100,20,3.0,2.46e+16,2.4390243902439024,0.16666666666666666,14.634146341463415
100000000000000.0,10,6e+16,100,50,3.0,6.15e+16,0.975609756097561,0.16666666666666666,5.853658536585366
100000000000000.0,10,6e+16,300,1,3.0,3690000000000000.0,16.260162601626018,0.16666666666666666,97.56097560975611
100000000000000.0,10,6e+16,300,5,3.0,1.845e+16,3.252032520325203,0.16666666666666666,19.51219512195122
100000000000000.0,10,6e+16,300,10,3.0,3.69e+16,1.6260162601626016,0.16666666666666666,9.75609756097561
100000000000000.0,10,6e+16,300,20,3.0,7.38e+16,0.8130081300813008,0.16666666666666666,4.878048780487805
100000000000000.0,10,6e+16,300,50,3.0,1.845e+17,0.3252032520325203,0.16666666666666666,1.951219512195122
100000000000000.0,10,6e+16,1000,1,3.0,1.23e+16,4.878048780487805,0.16666666666666666,29.26829268292683
100000000000000.0,10,6e+16,1000,5,3.0,6.15e+16,0.975609756097561,0.16666666666666666,5.853658536585366
100000000000000.0,10,6e+16,1000,10,3.0,1.23e+17,0.4878048780487805,0.16666666666666666,2.926829268292683
100000000000000.0,10,6e+16,1000,20,3.0,2.46e+17,0.24390243902439024,0.16666666666666666,1.4634146341463414
100000000000000.0,10,6e+16,1000,50,3.0,6.15e+17,0.0975609756097561,0.16666666666666666,0.5853658536585367
100000000000000.0,10,6e+16,3000,1,3.0,3.69e+16,1.6260162601626016,0.16666666666666666,9.75609756097561
100000000000000.0,10,6e+16,3000,5,3.0,1.845e+17,0.3252032520325203,0.16666666666666666,1.951219512195122
100000000000000.0,10,6e+16,3000,10,3.0,3.69e+17,0.16260162601626016,0.16666666666666666,0.975609756097561
100000000000000.0,10,6e+16,3000,20,3.0,7.38e+17,0.08130081300813008,0.16666666666666666,0.4878048780487805
100000000000000.0,10,6e+16,3000,50,3.0,1.845e+18,0.032520325203252036,0.16666666666666666,0.19512195121951223
100000000000000.0,10,6e+16,10000,1,3.0,1.23e+17,0.4878048780487805,0.16666666666666666,2.926829268292683
100000000000000.0,10,6e+16,10000,5,3.0,6.15e+17,0.0975609756097561,0.16666666666666666,0.5853658536585367
100000000000000.0,10,6e+16,10000,10,3.0,1.23e+18,0.04878048780487805,0.16666666666666666,0.29268292682926833
100000000000000.0,10,6e+16,10000,20,3.0,2.46e+18,0.024390243902439025,0.16666666666666666,0.14634146341463417
100000000000000.0,10,6e+16,10000,50,3.0,6.15e+18,0.00975609756097561,0.16666666666666666,0.05853658536585366
100000000000000.0,10,6e+16,30000,1,3.0,3.69e+17,0.16260162601626016,0.16666666666666666,0.975609756097561
100000000000000.0,10,6e+16,30000,5,3.0,1.845e+18,0.032520325203252036,0.16666666666666666,0.19512195121951223
100000000000000.0,10,6e+16,30000,10,3.0,3.69e+18,0.016260162601626018,0.16666666666666666,0.09756097560975611
100000000000000.0,10,6e+16,30000,20,3.0,7.38e+18,0.008130081300813009,0.16666666666666666,0.04878048780487806
100000000000000.0,10,6e+16,30000,50,3.0,1.845e+19,0.0032520325203252032,0.16666666666666666,0.01951219512195122
100000000000000.0,20,1.2e+17,100,1,3.0,1230000000000000.0,97.5609756097561,0.16666666666666666,585.3658536585366
100000000000000.0,20,1.2e+17,100,5,3.0,6150000000000000.0,19.51219512195122,0.16666666666666666,117.07317073170732
100000000000000.0,20,1.2e+17,100,10,3.0,1.23e+16,9.75609756097561,0.16666666666666666,58.53658536585366
100000000000000.0,20,1.2e+17,100,20,3.0,2.46e+16,4.878048780487805,0.16666666666666666,29.26829268292683
100000000000000.0,20,1.2e+17,100,50,3.0,6.15e+16,1.951219512195122,0.16666666666666666,11.707317073170731
100000000000000.0,20,1.2e+17,300,1,3.0,3690000000000000.0,32.520325203252035,0.16666666666666666,195.12195121951223
100000000000000.0,20,1.2e+17,300,5,3.0,1.845e+16,6.504065040650406,0.16666666666666666,39.02439024390244
100000000000000.0,20,1.2e+17,300,10,3.0,3.69e+16,3.252032520325203,0.16666666666666666,19.51219512195122
100000000000000.0,20,1.2e+17,300,20,3.0,7.38e+16,1.6260162601626016,0.16666666666666666,9.75609756097561
100000000000000.0,20,1.2e+17,300,50,3.0,1.845e+17,0.6504065040650406,0.16666666666666666,3.902439024390244
100000000000000.0,20,1.2e+17,1000,1,3.0,1.23e+16,9.75609756097561,0.16666666666666666,58.53658536585366
100000000000000.0,20,1.2e+17,1000,5,3.0,6.15e+16,1.951219512195122,0.16666666666666666,11.707317073170731
100000000000000.0,20,1.2e+17,1000,10,3.0,1.23e+17,0.975609756097561,0.16666666666666666,5.853658536585366
100000000000000.0,20,1.2e+17,1000,20,3.0,2.46e+17,0.4878048780487805,0.16666666666666666,2.926829268292683
100000000000000.0,20,1.2e+17,1000,50,3.0,6.15e+17,0.1951219512195122,0.16666666666666666,1.1707317073170733
100000000000000.0,20,1.2e+17,3000,1,3.0,3.69e+16,3.252032520325203,0.16666666666666666,19.51219512195122
100000000000000.0,20,1.2e+17,3000,5,3.0,1.845e+17,0.6504065040650406,0.16666666666666666,3.902439024390244
100000000000000.0,20,1.2e+17,3000,10,3.0,3.69e+17,0.3252032520325203,0.16666666666666666,1.951219512195122
100000000000000.0,20,1.2e+17,3000,20,3.0,7.38e+17,0.16260162601626016,0.16666666666666666,0.975609756097561
100000000000000.0,20,1.2e+17,3000,50,3.0,1.845e+18,0.06504065040650407,0.16666666666666666,0.39024390243902446
100000000000000.0,20,1.2e+17,10000,1,3.0,1.23e+17,0.975609756097561,0.16666666666666666,5.853658536585366
100000000000000.0,20,1.2e+17,10000,5,3.0,6.15e+17,0.1951219512195122,0.16666666666666666,1.1707317073170733
100000000000000.0,20,1.2e+17,10000,10,3.0,1.23e+18,0.0975609756097561,0.16666666666666666,0.5853658536585367
100000000000000.0,20,1.2e+17,10000,20,3.0,2.46e+18,0.04878048780487805,0.16666666666666666,0.29268292682926833
100000000000000.0,20,1.2e+17,10000,50,3.0,6.15e+18,0.01951219512195122,0.16666666666666666,0.11707317073170732
100000000000000.0,20,1.2e+17,30000,1,3.0,3.69e+17,0.3252032520325203,0.16666666666666666,1.951219512195122
100000000000000.0,20,1.2e+17,30000,5,3.0,1.845e+18,0.06504065040650407,0.16666666666666666,0.39024390243902446
100000000000000.0,20,1.2e+17,30000,10,3.0,3.69e+18,0.032520325203252036,0.16666666666666666,0.19512195121951223
100000000000000.0,20,1.2e+17,30000,20,3.0,7.38e+18,0.016260162601626018,0.16666666666666666,0.09756097560975611
100000000000000.0,20,1.2e+17,30000,50,3.0,1.845e+19,0.0065040650406504065,0.16666666666666666,0.03902439024390244
100000000000000.0,30,1.8e+17,100,1,3.0,1230000000000000.0,146.34146341463415,0.16666666666666666,878.048780487805
100000000000000.0,30,1.8e+17,100,5,3.0,6150000000000000.0,29.26829268292683,0.16666666666666666,175.609756097561
100000000000000.0,30,1.8e+17,100,10,3.0,1.23e+16,14.634146341463415,0.16666666666666666,87.8048780487805
100000000000000.0,30,1.8e+17,100,20,3.0,2.46e+16,7.317073170731708,0.16666666666666666,43.90243902439025
100000000000000.0,30,1.8e+17,100,50,3.0,6.15e+16,2.926829268292683,0.16666666666666666,17.5609756097561
100000000000000.0,30,1.8e+17,300,1,3.0,3690000000000000.0,48.78048780487805,0.16666666666666666,292.6829268292683
100000000000000.0,30,1.8e+17,300,5,3.0,1.845e+16,9.75609756097561,0.16666666666666666,58.53658536585366
100000000000000.0,30,1.8e+17,300,10,3.0,3.69e+16,4.878048780487805,0.16666666666666666,29.26829268292683
100000000000000.0,30,1.8e+17,300,20,3.0,7.38e+16,2.4390243902439024,0.16666666666666666,14.634146341463415
100000000000000.0,30,1.8e+17,300,50,3.0,1.845e+17,0.975609756097561,0.16666666666666666,5.853658536585366
100000000000000.0,30,1.8e+17,1000,1,3.0,1.23e+16,14.634146341463415,0.16666666666666666,87.8048780487805
100000000000000.0,30,1.8e+17,1000,5,3.0,6.15e+16,2.926829268292683,0.16666666666666666,17.5609756097561
100000000000000.0,30,1.8e+17,1000,10,3.0,1.23e+17,1.4634146341463414,0.16666666666666666,8.78048780487805
100000000000000.0,30,1.8e+17,1000,20,3.0,2.46e+17,0.7317073170731707,0.16666666666666666,4.390243902439025
100000000000000.0,30,1.8e+17,1000,50,3.0,6.15e+17,0.2926829268292683,0.16666666666666666,1.7560975609756098
100000000000000.0,30,1.8e+17,3000,1,3.0,3.69e+16,4.878048780487805,0.16666666666666666,29.26829268292683
100000000000000.0,30,1.8e+17,3000,5,3.0,1.845e+17,0.975609756097561,0.16666666666666666,5.853658536585366
100000000000000.0,30,1.8e+17,3000,10,3.0,3.69e+17,0.4878048780487805,0.16666666666666666,2.926829268292683
100000000000000.0,30,1.8e+17,3000,20,3.0,7.38e+17,0.24390243902439024,0.16666666666666666,1.4634146341463414
100000000000000.0,30,1.8e+17,3000,50,3.0,1.845e+18,0.0975609756097561,0.16666666666666666,0.5853658536585367
100000000000000.0,30,1.8e+17,10000,1,3.0,1.23e+17,1.4634146341463414,0.16666666666666666,8.78048780487805
100000000000000.0,30,1.8e+17,10000,5,3.0,6.15e+17,0.2926829268292683,0.16666666666666666,1.7560975609756098
100000000000000.0,30,1.8e+17,10000,10,3.0,1.23e+18,0.14634146341463414,0.16666666666666666,0.8780487804878049
100000000000000.0,30,1.8e+17,10000,20,3.0,2.46e+18,0.07317073170731707,0.16666666666666666,0.43902439024390244
100000000000000.0,30,1.8e+17,10000,50,3.0,6.15e+18,0.02926829268292683,0.16666666666666666,0.175609756097561
100000000000000.0,30,1.8e+17,30000,1,3.0,3.69e+17,0.4878048780487805,0.16666666666666666,2.926829268292683
100000000000000.0,30,1.8e+17,30000,5,3.0,1.845e+18,0.0975609756097561,0.16666666666666666,0.5853658536585367
100000000000000.0,30,1.8e+17,30000,10,3.0,3.69e+18,0.04878048780487805,0.16666666666666666,0.29268292682926833
100000000000000.0,30,1.8e+17,30000,20,3.0,7.38e+18,0.024390243902439025,0.16666666666666666,0.14634146341463417
100000000000000.0,30,1.8e+17,30000,50,3.0,1.845e+19,0.00975609756097561,0.16666666666666666,0.05853658536585366
100000000000000.0,60,3.6e+17,100,1,3.0,1230000000000000.0,292.6829268292683,0.16666666666666666,1756.09756097561
100000000000000.0,60,3.6e+17,100,5,3.0,6150000000000000.0,58.53658536585366,0.16666666666666666,351.219512195122
100000000000000.0,60,3.6e+17,100,10,3.0,1.23e+16,29.26829268292683,0.16666666666666666,175.609756097561
100000000000000.0,60,3.6e+17,100,20,3.0,2.46e+16,14.634146341463415,0.16666666666666666,87.8048780487805
100000000000000.0,60,3.6e+17,100,50,3.0,6.15e+16,5.853658536585366,0.16666666666666666,35.1219512195122
100000000000000.0,60,3.6e+17,300,1,3.0,3690000000000000.0,97.5609756097561,0.16666666666666666,585.3658536585366
100000000000000.0,60,3.6e+17,300,5,3.0,1.845e+16,19.51219512195122,0.16666666666666666,117.07317073170732
100000000000000.0,60,3.6e+17,300,10,3.0,3.69e+16,9.75609756097561,0.16666666666666666,58.53658536585366
100000000000000.0,60,3.6e+17,300,20,3.0,7.38e+16,4.878048780487805,0.16666666666666666,29.26829268292683
100000000000000.0,60,3.6e+17,300,50,3.0,1.845e+17,1.951219512195122,0.16666666666666666,11.707317073170731
100000000000000.0,60,3.6e+17,1000,1,3.0,1.23e+16,29.26829268292683,0.16666666666666666,175.609756097561
100000000000000.0,60,3.6e+17,1000,5,3.0,6.15e+16,5.853658536585366,0.16666666666666666,35.1219512195122
100000000000000.0,60,3.6e+17,1000,10,3.0,1.23e+17,2.926829268292683,0.16666666666666666,17.5609756097561
100000000000000.0,60,3.6e+17,1000,20,3.0,2.46e+17,1.4634146341463414,0.16666666666666666,8.78048780487805
100000000000000.0,60,3.6e+17,1000,50,3.0,6.15e+17,0.5853658536585366,0.16666666666666666,3.5121951219512195
100000000000000.0,60,3.6e+17,3000,1,3.0,3.69e+16,9.75609756097561,0.16666666666666666,58.53658536585366
100000000000000.0,60,3.6e+17,3000,5,3.0,1.845e+17,1.951219512195122,0.16666666666666666,11.707317073170731
100000000000000.0,60,3.6e+17,3000,10,3.0,3.69e+17,0.975609756097561,0.16666666666666666,5.853658536585366
100000000000000.0,60,3.6e+17,3000,20,3.0,7.38e+17,0.4878048780487805,0.16666666666666666,2.926829268292683
100000000000000.0,60,3.6e+17,3000,50,3.0,1.845e+18,0.1951219512195122,0.16666666666666666,1.1707317073170733
100000000000000.0,60,3.6e+17,10000,1,3.0,1.23e+17,2.926829268292683,0.16666666666666666,17.5609756097561
100000000000000.0,60,3.6e+17,10000,5,3.0,6.15e+17,0.5853658536585366,0.16666666666666666,3.5121951219512195
100000000000000.0,60,3.6e+17,10000,10,3.0,1.23e+18,0.2926829268292683,0.16666666666666666,1.7560975609756098
100000000000000.0,60,3.6e+17,10000,20,3.0,2.46e+18,0.14634146341463414,0.16666666666666666,0.8780487804878049
100000000000000.0,60,3.6e+17,10000,50,3.0,6.15e+18,0.05853658536585366,0.16666666666666666,0.351219512195122
100000000000000.0,60,3.6e+17,30000,1,3.0,3.69e+17,0.975609756097561,0.16666666666666666,5.853658536585366
100000000000000.0,60,3.6e+17,30000,5,3.0,1.845e+18,0.1951219512195122,0.16666666666666666,1.1707317073170733
100000000000000.0,60,3.6e+17,30000,10,3.0,3.69e+18,0.0975609756097561,0.16666666666666666,0.5853658536585367
100000000000000.0,60,3.6e+17,30000,20,3.0,7.38e+18,0.04878048780487805,0.16666666666666666,0.29268292682926833
100000000000000.0,60,3.6e+17,30000,50,3.0,1.845e+19,0.01951219512195122,0.16666666666666666,0.11707317073170732
1000000000000000.0,5,3e+17,100,1,3.0,1230000000000000.0,243.90243902439025,0.16666666666666666,1463.4146341463415
1000000000000000.0,5,3e+17,100,5,3.0,6150000000000000.0,48.78048780487805,0.16666666666666666,292.6829268292683
1000000000000000.0,5,3e+17,100,10,3.0,1.23e+16,24.390243902439025,0.16666666666666666,146.34146341463415
1000000000000000.0,5,3e+17,100,20,3.0,2.46e+16,12.195121951219512,0.16666666666666666,73.17073170731707
1000000000000000.0,5,3e+17,100,50,3.0,6.15e+16,4.878048780487805,0.16666666666666666,29.26829268292683
1000000000000000.0,5,3e+17,300,1,3.0,3690000000000000.0,81.30081300813008,0.16666666666666666,487.8048780487805
1000000000000000.0,5,3e+17,300,5,3.0,1.845e+16,16.260162601626018,0.16666666666666666,97.56097560975611
1000000000000000.0,5,3e+17,300,10,3.0,3.69e+16,8.130081300813009,0.16666666666666666,48.78048780487806
1000000000000000.0,5,3e+17,300,20,3.0,7.38e+16,4.065040650406504,0.16666666666666666,24.39024390243903
1000000000000000.0,5,3e+17,300,50,3.0,1.845e+17,1.6260162601626016,0.16666666666666666,9.75609756097561
1000000000000000.0,5,3e+17,1000,1,3.0,1.23e+16,24.390243902439025,0.16666666666666666,146.34146341463415
1000000000000000.0,5,3e+17,1000,5,3.0,6.15e+16,4.878048780487805,0.16666666666666666,29.26829268292683
1000000000000000.0,5,3e+17,1000,10,3.0,1.23e+17,2.4390243902439024,0.16666666666666666,14.634146341463415
1000000000000000.0,5,3e+17,1000,20,3.0,2.46e+17,1.2195121951219512,0.16666666666666666,7.317073170731708
1000000000000000.0,5,3e+17,1000,50,3.0,6.15e+17,0.4878048780487805,0.16666666666666666,2.926829268292683
1000000000000000.0,5,3e+17,3000,1,3.0,3.69e+16,8.130081300813009,0.16666666666666666,48.78048780487806
1000000000000000.0,5,3e+17,3000,5,3.0,1.845e+17,1.6260162601626016,0.16666666666666666,9.75609756097561
1000000000000000.0,5,3e+17,3000,10,3.0,3.69e+17,0.8130081300813008,0.16666666666666666,4.878048780487805
1000000000000000.0,5,3e+17,3000,20,3.0,7.38e+17,0.4065040650406504,0.16666666666666666,2.4390243902439024
1000000000000000.0,5,3e+17,3000,50,3.0,1.845e+18,0.16260162601626016,0.16666666666666666,0.975609756097561
1000000000000000.0,5,3e+17,10000,1,3.0,1.23e+17,2.4390243902439024,0.16666666666666666,14.634146341463415
1000000000000000.0,5,3e+17,10000,5,3.0,6.15e+17,0.4878048780487805,0.16666666666666666,2.926829268292683
1000000000000000.0,5,3e+17,10000,10,3.0,1.23e+18,0.24390243902439024,0.16666666666666666,1.4634146341463414
1000000000000000.0,5,3e+17,10000,20,3.0,2.46e+18,0.12195121951219512,0.16666666666666666,0.7317073170731707
1000000000000000.0,5,3e+17,10000,50,3.0,6.15e+18,0.04878048780487805,0.16666666666666666,0.29268292682926833
1000000000000000.0,5,3e+17,30000,1,3.0,3.69e+17,0.8130081300813008,0.16666666666666666,4.878048780487805
1000000000000000.0,5,3e+17,30000,5,3.0,1.845e+18,0.16260162601626016,0.16666666666666666,0.975609756097561
1000000000000000.0,5,3e+17,30000,10,3.0,3.69e+18,0.08130081300813008,0.16666666666666666,0.4878048780487805
1000000000000000.0,5,3e+17,30000,20,3.0,7.38e+18,0.04065040650406504,0.16666666666666666,0.24390243902439024
1000000000000000.0,5,3e+17,30000,50,3.0,1.845e+19,0.016260162601626018,0.16666666666666666,0.09756097560975611
1000000000000000.0,10,6e+17,100,1,3.0,1230000000000000.0,487.8048780487805,0.16666666666666666,2926.829268292683
1000000000000000.0,10,6e+17,100,5,3.0,6150000000000000.0,97.5609756097561,0.16666666666666666,585.3658536585366
1000000000000000.0,10,6e+17,100,10,3.0,1.23e+16,48.78048780487805,0.16666666666666666,292.6829268292683
1000000000000000.0,10,6e+17,100,20,3.0,2.46e+16,24.390243902439025,0.16666666666666666,146.34146341463415
1000000000000000.0,10,6e+17,100,50,3.0,6.15e+16,9.75609756097561,0.16666666666666666,58.53658536585366
1000000000000000.0,10,6e+17,300,1,3.0,3690000000000000.0,162.60162601626016,0.16666666666666666,975.609756097561
1000000000000000.0,10,6e+17,300,5,3.0,1.845e+16,32.520325203252035,0.16666666666666666,195.12195121951223
1000000000000000.0,10,6e+17,300,10,3.0,3.69e+16,16.260162601626018,0.16666666666666666,97.56097560975611
1000000000000000.0,10,6e+17,300,20,3.0,7.38e+16,8.130081300813009,0.16666666666666666,48.78048780487806
1000000000000000.0,10,6e+17,300,50,3.0,1.845e+17,3.252032520325203,0.16666666666666666,19.51219512195122
1000000000000000.0,10,6e+17,1000,1,3.0,1.23e+16,48.78048780487805,0.16666666666666666,292.6829268292683
1000000000000000.0,10,6e+17,1000,5,3.0,6.15e+16,9.75609756097561,0.16666666666666666,58.53658536585366
1000000000000000.0,10,6e+17,1000,10,3.0,1.23e+17,4.878048780487805,0.16666666666666666,29.26829268292683
1000000000000000.0,10,6e+17,1000,20,3.0,2.46e+17,2.4390243902439024,0.16666666666666666,14.634146341463415
1000000000000000.0,10,6e+17,1000,50,3.0,6.15e+17,0.975609756097561,0.16666666666666666,5.853658536585366
1000000000000000.0,10,6e+17,3000,1,3.0,3.69e+16,16.260162601626018,0.16666666666666666,97.56097560975611
1000000000000000.0,10,6e+17,3000,5,3.0,1.845e+17,3.252032520325203,0.16666666666666666,19.51219512195122
1000000000000000.0,10,6e+17,3000,10,3.0,3.69e+17,1.6260162601626016,0.16666666666666666,9.75609756097561
1000000000000000.0,10,6e+17,3000,20,3.0,7.38e+17,0.8130081300813008,0.16666666666666666,4.878048780487805
1000000000000000.0,10,6e+17,3000,50,3.0,1.845e+18,0.3252032520325203,0.16666666666666666,1.951219512195122
1000000000000000.0,10,6e+17,10000,1,3.0,1.23e+17,4.878048780487805,0.16666666666666666,29.26829268292683
1000000000000000.0,10,6e+17,10000,5,3.0,6.15e+17,0.975609756097561,0.16666666666666666,5.853658536585366
1000000000000000.0,10,6e+17,10000,10,3.0,1.23e+18,0.4878048780487805,0.16666666666666666,2.926829268292683
1000000000000000.0,10,6e+17,10000,20,3.0,2.46e+18,0.24390243902439024,0.16666666666666666,1.4634146341463414
1000000000000000.0,10,6e+17,10000,50,3.0,6.15e+18,0.0975609756097561,0.16666666666666666,0.5853658536585367
1000000000000000.0,10,6e+17,30000,1,3.0,3.69e+17,1.6260162601626016,0.16666666666666666,9.75609756097561
1000000000000000.0,10,6e+17,30000,5,3.0,1.845e+18,0.3252032520325203,0.16666666666666666,1.951219512195122
1000000000000000.0,10,6e+17,30000,10,3.0,3.69e+18,0.16260162601626016,0.16666666666666666,0.975609756097561
1000000000000000.0,10,6e+17,30000,20,3.0,7.38e+18,0.08130081300813008,0.16666666666666666,0.4878048780487805
1000000000000000.0,10,6e+17,30000,50,3.0,1.845e+19,0.032520325203252036,0.16666666666666666,0.19512195121951223
1000000000000000.0,20,1.2e+18,100,1,3.0,1230000000000000.0,975.609756097561,0.16666666666666666,5853.658536585366
1000000000000000.0,20,1.2e+18,100,5,3.0,6150000000000000.0,195.1219512195122,0.16666666666666666,1170.7317073170732
1000000000000000.0,20,1.2e+18,100,10,3.0,1.23e+16,97.5609756097561,0.16666666666666666,585.3658536585366
1000000000000000.0,20,1.2e+18,100,20,3.0,2.46e+16,48.78048780487805,0.16666666666666666,292.6829268292683
1000000000000000.0,20,1.2e+18,100,50,3.0,6.15e+16,19.51219512195122,0.16666666666666666,117.07317073170732
1000000000000000.0,20,1.2e+18,300,1,3.0,3690000000000000.0,325.2032520325203,0.16666666666666666,1951.219512195122
1000000000000000.0,20,1.2e+18,300,5,3.0,1.845e+16,65.04065040650407,0.16666666666666666,390.24390243902445
1000000000000000.0,20,1.2e+18,300,10,3.0,3.69e+16,32.520325203252035,0.16666666666666666,195.12195121951223
1000000000000000.0,20,1.2e+18,300,20,3.0,7.38e+16,16.260162601626018,0.16666666666666666,97.56097560975611
1000000000000000.0,20,1.2e+18,300,50,3.0,1.845e+17,6.504065040650406,0.16666666666666666,39.02439024390244
1000000000000000.0,20,1.2e+18,1000,1,3.0,1.23e+16,97.5609756097561,0.16666666666666666,585.3658536585366
1000000000000000.0,20,1.2e+18,1000,5,3.0,6.15e+16,19.51219512195122,0.16666666666666666,117.07317073170732
1000000000000000.0,20,1.2e+18,1000,10,3.0,1.23e+17,9.75609756097561,0.16666666666666666,58.53658536585366
1000000000000000.0,20,1.2e+18,1000,20,3.0,2.46e+17,4.878048780487805,0.16666666666666666,29.26829268292683
1000000000000000.0,20,1.2e+18,1000,50,3.0,6.15e+17,1.951219512195122,0.16666666666666666,11.707317073170731
1000000000000000.0,20,1.2e+18,3000,1,3.0,3.69e+16,32.520325203252035,0.16666666666666666,195.12195121951223
1000000000000000.0,20,1.2e+18,3000,5,3.0,1.845e+17,6.504065040650406,0.16666666666666666,39.02439024390244
1000000000000000.0,20,1.2e+18,3000,10,3.0,3.69e+17,3.252032520325203,0.16666666666666666,19.51219512195122
1000000000000000.0,20,1.2e+18,3000,20,3.0,7.38e+17,1.6260162601626016,0.16666666666666666,9.75609756097561
1000000000000000.0,20,1.2e+18,3000,50,3.0,1.845e+18,0.6504065040650406,0.16666666666666666,3.902439024390244
1000000000000000.0,20,1.2e+18,10000,1,3.0,1.23e+17,9.75609756097561,0.16666666666666666,58.53658536585366
1000000000000000.0,20,1.2e+18,10000,5,3.0,6.15e+17,1.951219512195122,0.16666666666666666,11.707317073170731
1000000000000000.0,20,1.2e+18,10000,10,3.0,1.23e+18,0.975609756097561,0.16666666666666666,5.853658536585366
1000000000000000.0,20,1.2e+18,10000,20,3.0,2.46e+18,0.4878048780487805,0.16666666666666666,2.926829268292683
1000000000000000.0,20,1.2e+18,10000,50,3.0,6.15e+18,0.1951219512195122,0.16666666666666666,1.1707317073170733
1000000000000000.0,20,1.2e+18,30000,1,3.0,3.69e+17,3.252032520325203,0.16666666666666666,19.51219512195122
1000000000000000.0,20,1.2e+18,30000,5,3.0,1.845e+18,0.6504065040650406,0.16666666666666666,3.902439024390244
1000000000000000.0,20,1.2e+18,30000,10,3.0,3.69e+18,0.3252032520325203,0.16666666666666666,1.951219512195122
1000000000000000.0,20,1.2e+18,30000,20,3.0,7.38e+18,0.16260162601626016,0.16666666666666666,0.975609756097561
1000000000000000.0,20,1.2e+18,30000,50,3.0,1.845e+19,0.06504065040650407,0.16666666666666666,0.39024390243902446
1000000000000000.0,30,1.8e+18,100,1,3.0,1230000000000000.0,1463.4146341463415,0.16666666666666666,8780.48780487805
1000000000000000.0,30,1.8e+18,100,5,3.0,6150000000000000.0,292.6829268292683,0.16666666666666666,1756.09756097561
1000000000000000.0,30,1.8e+18,100,10,3.0,1.23e+16,146.34146341463415,0.16666666666666666,878.048780487805
1000000000000000.0,30,1.8e+18,100,20,3.0,2.46e+16,73.17073170731707,0.16666666666666666,439.0243902439025
1000000000000000.0,30,1.8e+18,100,50,3.0,6.15e+16,29.26829268292683,0.16666666666666666,175.609756097561
1000000000000000.0,30,1.8e+18,300,1,3.0,3690000000000000.0,487.8048780487805,0.16666666666666666,2926.829268292683
1000000000000000.0,30,1.8e+18,300,5,3.0,1.845e+16,97.5609756097561,0.16666666666666666,585.3658536585366
1000000000000000.0,30,1.8e+18,300,10,3.0,3.69e+16,48.78048780487805,0.16666666666666666,292.6829268292683
1000000000000000.0,30,1.8e+18,300,20,3.0,7.38e+16,24.390243902439025,0.16666666666666666,146.34146341463415
1000000000000000.0,30,1.8e+18,300,50,3.0,1.845e+17,9.75609756097561,0.16666666666666666,58.53658536585366
1000000000000000.0,30,1.8e+18,1000,1,3.0,1.23e+16,146.34146341463415,0.16666666666666666,878.048780487805
1000000000000000.0,30,1.8e+18,1000,5,3.0,6.15e+16,29.26829268292683,0.16666666666666666,175.609756097561
1000000000000000.0,30,1.8e+18,1000,10,3.0,1.23e+17,14.634146341463415,0.16666666666666666,87.8048780487805
1000000000000000.0,30,1.8e+18,1000,20,3.0,2.46e+17,7.317073170731708,0.16666666666666666,43.90243902439025
1000000000000000.0,30,1.8e+18,1000,50,3.0,6.15e+17,2.926829268292683,0.16666666666666666,17.5609756097561
1000000000000000.0,30,1.8e+18,3000,1,3.0,3.69e+16,48.78048780487805,0.16666666666666666,292.6829268292683
1000000000000000.0,30,1.8e+18,3000,5,3.0,1.845e+17,9.75609756097561,0.16666666666666666,58.53658536585366
1000000000000000.0,30,1.8e+18,3000,10,3.0,3.69e+17,4.878048780487805,0.16666666666666666,29.26829268292683
1000000000000000.0,30,1.8e+18,3000,20,3.0,7.38e+17,2.4390243902439024,0.16666666666666666,14.634146341463415
1000000000000000.0,30,1.8e+18,3000,50,3.0,1.845e+18,0.975609756097561,0.16666666666666666,5.853658536585366
1000000000000000.0,30,1.8e+18,10000,1,3.0,1.23e+17,14.634146341463415,0.16666666666666666,87.8048780487805
1000000000000000.0,30,1.8e+18,10000,5,3.0,6.15e+17,2.926829268292683,0.16666666666666666,17.5609756097561
1000000000000000.0,30,1.8e+18,10000,10,3.0,1.23e+18,1.4634146341463414,0.16666666666666666,8.78048780487805
1000000000000000.0,30,1.8e+18,10000,20,3.0,2.46e+18,0.7317073170731707,0.16666666666666666,4.390243902439025
1000000000000000.0,30,1.8e+18,10000,50,3.0,6.15e+18,0.2926829268292683,0.16666666666666666,1.7560975609756098
1000000000000000.0,30,1.8e+18,30000,1,3.0,3.69e+17,4.878048780487805,0.16666666666666666,29.26829268292683
1000000000000000.0,30,1.8e+18,30000,5,3.0,1.845e+18,0.975609756097561,0.16666666666666666,5.853658536585366
1000000000000000.0,30,1.8e+18,30000,10,3.0,3.69e+18,0.4878048780487805,0.16666666666666666,2.926829268292683
1000000000000000.0,30,1.8e+18,30000,20,3.0,7.38e+18,0.24390243902439024,0.16666666666666666,1.4634146341463414
1000000000000000.0,30,1.8e+18,30000,50,3.0,1.845e+19,0.0975609756097561,0.16666666666666666,0.5853658536585367
1000000000000000.0,60,3.6e+18,100,1,3.0,1230000000000000.0,2926.829268292683,0.16666666666666666,17560.9756097561
1000000000000000.0,60,3.6e+18,100,5,3.0,6150000000000000.0,585.3658536585366,0.16666666666666666,3512.19512195122
1000000000000000.0,60,3.6e+18,100,10,3.0,1.23e+16,292.6829268292683,0.16666666666666666,1756.09756097561
1000000000000000.0,60,3.6e+18,100,20,3.0,2.46e+16,146.34146341463415,0.16666666666666666,878.048780487805
1000000000000000.0,60,3.6e+18,100,50,3.0,6.15e+16,58.53658536585366,0.16666666666666666,351.219512195122
1000000000000000.0,60,3.6e+18,300,1,3.0,3690000000000000.0,975.609756097561,0.16666666666666666,5853.658536585366
1000000000000000.0,60,3.6e+18,300,5,3.0,1.845e+16,195.1219512195122,0.16666666666666666,1170.7317073170732
1000000000000000.0,60,3.6e+18,300,10,3.0,3.69e+16,97.5609756097561,0.16666666666666666,585.3658536585366
1000000000000000.0,60,3.6e+18,300,20,3.0,7.38e+16,48.78048780487805,0.16666666666666666,292.6829268292683
1000000000000000.0,60,3.6e+18,300,50,3.0,1.845e+17,19.51219512195122,0.16666666666666666,117.07317073170732
1000000000000000.0,60,3.6e+18,1000,1,3.0,1.23e+16,292.6829268292683,0.16666666666666666,1756.09756097561
1000000000000000.0,60,3.6e+18,1000,5,3.0,6.15e+16,58.53658536585366,0.16666666666666666,351.219512195122
1000000000000000.0,60,3.6e+18,1000,10,3.0,1.23e+17,29.26829268292683,0.16666666666666666,175.609756097561
1000000000000000.0,60,3.6e+18,1000,20,3.0,2.46e+17,14.634146341463415,0.16666666666666666,87.8048780487805
1000000000000000.0,60,3.6e+18,1000,50,3.0,6.15e+17,5.853658536585366,0.16666666666666666,35.1219512195122
1000000000000000.0,60,3.6e+18,3000,1,3.0,3.69e+16,97.5609756097561,0.16666666666666666,585.3658536585366
1000000000000000.0,60,3.6e+18,3000,5,3.0,1.845e+17,19.51219512195122,0.16666666666666666,117.07317073170732
1000000000000000.0,60,3.6e+18,3000,10,3.0,3.69e+17,9.75609756097561,0.16666666666666666,58.53658536585366
1000000000000000.0,60,3.6e+18,3000,20,3.0,7.38e+17,4.878048780487805,0.16666666666666666,29.26829268292683
1000000000000000.0,60,3.6e+18,3000,50,3.0,1.845e+18,1.951219512195122,0.16666666666666666,11.707317073170731
1000000000000000.0,60,3.6e+18,10000,1,3.0,1.23e+17,29.26829268292683,0.16666666666666666,175.609756097561
1000000000000000.0,60,3.6e+18,10000,5,3.0,6.15e+17,5.853658536585366,0.16666666666666666,35.1219512195122
1000000000000000.0,60,3.6e+18,10000,10,3.0,1.23e+18,2.926829268292683,0.16666666666666666,17.5609756097561
1000000000000000.0,60,3.6e+18,10000,20,3.0,2.46e+18,1.4634146341463414,0.16666666666666666,8.78048780487805
1000000000000000.0,60,3.6e+18,10000,50,3.0,6.15e+18,0.5853658536585366,0.16666666666666666,3.5121951219512195
1000000000000000.0,60,3.6e+18,30000,1,3.0,3.69e+17,9.75609756097561,0.16666666666666666,58.53658536585366
1000000000000000.0,60,3.6e+18,30000,5,3.0,1.845e+18,1.951219512195122,0.16666666666666666,11.707317073170731
1000000000000000.0,60,3.6e+18,30000,10,3.0,3.69e+18,0.975609756097561,0.16666666666666666,5.853658536585366
1000000000000000.0,60,3.6e+18,30000,20,3.0,7.38e+18,0.4878048780487805,0.16666666666666666,2.926829268292683
1000000000000000.0,60,3.6e+18,30000,50,3.0,1.845e+19,0.1951219512195122,0.16666666666666666,1.1707317073170733
