area_km2,heated_depth_m,delta_T_K_lower_bound,E_ocean_lower_bound_J
100,1,3.0,1230000000000000.0
100,5,3.0,6150000000000000.0
100,10,3.0,1.23e+16
100,20,3.0,2.46e+16
100,50,3.0,6.15e+16
300,1,3.0,3690000000000000.0
300,5,3.0,1.845e+16
300,10,3.0,3.69e+16
300,20,3.0,7.38e+16
300,50,3.0,1.845e+17
1000,1,3.0,1.23e+16
1000,5,3.0,6.15e+16
1000,10,3.0,1.23e+17
1000,20,3.0,2.46e+17
1000,50,3.0,6.15e+17
3000,1,3.0,3.69e+16
3000,5,3.0,1.845e+17
3000,10,3.0,3.69e+17
3000,20,3.0,7.38e+17
3000,50,3.0,1.845e+18
10000,1,3.0,1.23e+17
10000,5,3.0,6.15e+17
10000,10,3.0,1.23e+18
10000,20,3.0,2.46e+18
10000,50,3.0,6.15e+18
30000,1,3.0,3.69e+17
30000,5,3.0,1.845e+18
30000,10,3.0,3.69e+18
30000,20,3.0,7.38e+18
30000,50,3.0,1.845e+19
